Rank,Release Group,Worldwide,Domestic,%,Foreign,%
1,Bad Boys for Life,"$419,074,646","$204,417,855",48.8%,"$214,656,791",51.2%
2,Sonic the Hedgehog,"$306,766,470","$146,066,470",47.6%,"$160,700,000",52.4%
3,Dolittle,"$224,752,486","$77,047,065",34.3%,"$147,705,421",65.7%
4,Birds of Prey: And the Fantabulous Emancipation of One Harley Quinn,"$201,858,461","$84,158,461",41.7%,"$117,700,000",58.3%
5,The Invisible Man,"$128,251,913","$64,914,050",50.6%,"$63,337,863",49.4%
6,Onward,"$108,543,846","$61,555,145",56.7%,"$46,988,701",43.3%
7,The Call of the Wild,"$107,604,626","$62,342,368",57.9%,"$45,262,258",42.1%
8,Fantasy Island,"$47,315,959","$26,441,782",55.9%,"$20,874,177",44.1%
9,Underwater,"$40,882,928","$17,291,078",42.3%,"$23,591,850",57.7%
10,The Man Standing Next,"$34,664,900","$113,527",0.3%,"$34,551,373",99.7%
11,Bloodshot,"$30,234,182","$10,021,787",33.1%,"$20,212,395",66.9%
12,Like a Boss,"$29,753,143","$22,169,514",74.5%,"$7,583,629",25.5%
13,Emma.,"$25,270,190","$10,055,355",39.8%,"$15,214,835",60.2%
14,Gretel & Hansel,"$21,676,865","$15,347,654",70.8%,"$6,329,211",29.2%
15,The Photograph,"$20,653,204","$20,578,185",99.6%,"$75,019",0.4%
16,Brahms: The Boy II,"$20,311,536","$12,611,536",62.1%,"$7,700,000",37.9%
17,The Turning,"$18,594,342","$15,472,775",83.2%,"$3,121,567",16.8%
18,The Way Back,"$14,690,514","$13,590,514",92.5%,"$1,100,000",7.5%
19,I Still Believe,"$11,346,349","$9,868,521",87%,"$1,477,828",13%
20,Impractical Jokers: The Movie,"$10,691,091","$10,691,091",100%,-,-
21,The Personal History of David Copperfield,"$8,994,847",-,-,"$8,994,847",100%
22,Downhill,"$8,899,195","$8,287,061",93.1%,"$612,134",6.9%
23,Malang,"$8,394,609",-,-,"$8,394,609",100%
24,The Hunt,"$8,377,244","$5,812,500",69.4%,"$2,564,744",30.6%
25,Trolls World Tour,"$7,153,423",-,-,"$7,153,423",100%
26,Las Pildoras De Mi Novio,"$6,292,780","$2,971,116",47.2%,"$3,321,664",52.8%
27,The Rhythm Section,"$5,989,583","$5,437,971",90.8%,"$551,612",9.2%
28,Spirited Away Studio Ghibli Fest 2020,"$5,769,961",-,-,"$5,769,961",100%
29,Princess Mononoke Studio Ghibli Fest 2020,"$5,581,380",-,-,"$5,581,380",100%
30,My Spy,"$5,229,343",-,-,"$5,229,343",100%
31,Panga,"$4,886,124","$582,720",11.9%,"$4,303,404",88.1%
32,Scoob!,"$4,351,288",-,-,"$4,351,288",100%
33,Peninsula,"$4,000,000",-,-,"$4,000,000",100%
34,Digimon Adventure: Last Evolution Kizuna,"$3,966,107",-,-,"$3,966,107",100%
35,Military Wives,"$3,511,772",-,-,"$3,511,772",100%
36,2020 Oscar Nominated Short Films,"$3,306,611","$3,306,611",100%,-,-
37,The Last Full Measure,"$3,257,485","$2,949,212",90.5%,"$308,273",9.5%
38,The Lodge,"$3,154,127","$2,138,907",67.8%,"$1,015,220",32.2%
39,SamSam,"$2,809,390",-,-,"$2,809,390",100%
40,The Wretched,"$2,455,550","$1,748,348",71.2%,"$707,202",28.8%
41,Baaghi 3,"$1,997,071","$721,439",36.1%,"$1,275,632",63.9%
42,Greed,"$1,454,763","$355,308",24.4%,"$1,099,455",75.6%
43,Sarileru Neekevvaru,"$1,366,335","$821,000",60.1%,"$545,335",39.9%
44,The Assistant,"$1,293,044","$1,100,313",85.1%,"$192,731",14.9%
45,The High Note,"$1,285,311",-,-,"$1,285,311",100%
46,Chhapaak,"$1,257,420","$604,334",48.1%,"$653,086",51.9%
47,Chal Mera Putt 2,"$1,070,997","$445,000",41.6%,"$625,997",58.4%
48,Color Out of Space,"$1,002,270","$765,561",76.4%,"$236,709",23.6%
49,Relic,"$940,924","$902,394",95.9%,"$38,530",4.1%
50,Becky,"$933,592","$933,592",100%,-,-
51,Riverdance 25th Anniversary Show,"$919,732","$81,879",8.9%,"$837,853",91.1%
52,Mafia Inc,"$889,863","$889,863",100%,-,-
53,Jurassic Park 2020 Re-release,"$741,600","$741,600",100%,-,-
54,The King of Staten Island,"$737,276",-,-,"$737,276",100%
55,Patterns of Evidence: The Red Sea Miracle,"$696,191","$696,191",100%,-,-
56,Jaws 2020 Re-release,"$656,367","$656,300",100%,$67,<0.1%
57,Seberg,"$585,845","$434,702",74.2%,"$151,143",25.8%
58,The Outpost,"$564,191",-,-,"$564,191",100%
59,Followed,"$527,529","$527,529",100%,-,-
60,Ghostbusters 2020 Re-release,"$500,000","$500,000",100%,-,-
61,True History of the Kelly Gang,"$457,278","$33,817",7.4%,"$423,461",92.6%
62,Once Were Brothers: Robbie Robertson and the Band,"$449,561","$449,561",100%,-,-
63,CatVideoFest 2020,"$437,625","$437,625",100%,-,-
64,Infamous,"$429,148","$429,148",100%,-,-
65,Black Panther 2020 Re-release,"$367,000","$367,000",100%,-,-
66,Inside Out 2020 Re-release,"$340,000","$340,000",100%,-,-
67,The Perfect Candidate,"$296,703",-,-,"$296,703",100%
68,Created Equal: Clarence Thomas in His Own Words,"$282,149","$282,149",100%,-,-
69,Swallow,"$274,259","$33,419",12.2%,"$240,840",87.8%
70,An American in Paris 2020 Re-release,"$267,824","$267,824",100%,-,-
71,Unhinged,"$251,849",-,-,"$251,849",100%
72,Tokyo Godfathers 2020 Re-release,"$237,571","$237,571",100%,-,-
73,Blind Eyes Opened,"$234,505","$234,505",100%,-,-
74,Resistance,"$233,153","$7,464",3.2%,"$225,689",96.8%
75,Doctor Who Live Q&A And Screening,"$228,615","$228,615",100%,-,-
76,The Trip to Greece,"$224,083","$8,340",3.7%,"$215,743",96.3%
77,National Theater Live: Cyrano de Bergerac,"$198,352","$198,352",100%,-,-
78,The Doors: Break On Thru - A Celebration Of Ray Manzarek,"$190,160","$190,160",100%,-,-
79,Palm Springs,"$164,000","$164,000",100%,-,-
80,Cruel Peter,"$163,925",-,-,"$163,925",100%
81,Burden,"$158,132","$139,270",88.1%,"$18,862",11.9%
82,Love Story 50th Anniversary,"$153,504","$153,504",100%,-,-
83,Wendy,"$143,518","$143,518",100%,-,-
84,The Booksellers,"$141,215","$25,694",18.2%,"$115,521",81.8%
85,Incitement,"$140,306","$140,306",100%,-,-
86,We Summon the Darkness,"$140,105","$60,794",43.4%,"$79,311",56.6%
87,Gremlins 2020 Re-release,"$140,000","$140,000",100%,-,-
88,Archive,"$139,593","$139,593",100%,-,-
89,Most Wanted,"$138,000","$138,000",100%,-,-
90,Beneath Us,"$137,260","$137,260",100%,-,-
91,The Times of Bill Cunningham,"$134,288","$134,288",100%,-,-
92,Hope Gap,"$124,411","$104,732",84.2%,"$19,679",15.8%
93,"14 Days, 12 Nights","$122,806","$122,530",99.8%,$276,0.2%
94,The Burnt Orange Heresy,"$118,559","$39,893",33.6%,"$78,666",66.4%
95,Come to Daddy,"$116,930","$96,713",82.7%,"$20,217",17.3%
96,Lucky Grandma,"$102,000","$102,000",100%,-,-
97,First Cow,"$101,068","$101,068",100%,-,-
98,First Lady,"$93,298","$93,298",100%,-,-
99,Miss Juneteenth,"$92,349","$92,349",100%,-,-
100,Irresistible,"$90,557",-,-,"$90,557",100%
101,Never Rarely Sometimes Always,"$88,716","$16,565",18.7%,"$72,151",81.3%
102,Come and See 2020 Re-release,"$71,909","$71,909",100%,-,-
103,How to Build a Girl,"$70,632","$70,632",100%,-,-
104,Nick Mason's Saucerful of Secrets: Live at the Roundhouse,"$69,967","$32,444",46.4%,"$37,523",53.6%
105,A Simple Wedding,"$54,415","$54,415",100%,-,-
106,Miss Fisher and the Crypt of Tears (special screenings),"$51,158","$51,032",99.8%,$126,0.2%
107,VHYes,"$47,037","$47,037",100%,-,-
108,Enter the Fat Dragon,"$46,855","$46,855",100%,-,-
109,Babyteeth,"$46,014","$4,507",9.8%,"$41,507",90.2%
110,Saint Frances,"$44,330","$44,330",100%,-,-
111,Shirley,"$39,736",-,-,"$39,736",100%
112,Three Christs,"$36,723","$36,723",100%,-,-
113,Tread,"$36,527","$36,527",100%,-,-
114,Waiting for Anya,"$36,404",-,-,"$36,404",100%
115,After Parkland,"$30,444","$30,444",100%,-,-
116,Olympic Dreams,"$29,450","$29,450",100%,-,-
117,Buffaloed,"$29,118","$29,118",100%,-,-
118,Abe,"$28,657",-,-,"$28,657",100%
119,Cane River 2020 Re-release,"$27,317","$27,317",100%,-,-
120,JosÃ©,"$26,563","$26,563",100%,-,-
121,Unsubscribe,"$25,488","$25,488",100%,-,-
122,Disappearance at Clifton Hill,"$25,084","$25,084",100%,-,-
123,Heart of Africa,"$24,139","$24,139",100%,-,-
124,"Phoenix, Oregon","$23,613","$23,613",100%,-,-
125,Premature,"$23,071","$23,071",100%,-,-
126,L'Innocente,"$22,549","$22,549",100%,-,-
127,Never Too Late,"$21,915",-,-,"$21,915",100%
128,Young Ahmed Domestic,"$21,291","$21,291",100%,-,-
129,Lore,"$20,006","$20,006",100%,-,-
130,Max Winslow and the House of Secrets,"$18,750","$18,750",100%,-,-
131,Pandora and the Flying Dutchman 2020 Re-release,"$17,401","$17,401",100%,-,-
132,Made in Hong Kong,"$17,255","$17,255",100%,-,-
133,Advocate,"$16,942","$16,942",100%,-,-
134,Straight Up,"$16,080","$16,080",100%,-,-
135,The Shining 40th Anniversary,"$15,960",-,-,"$15,960",100%
136,"I Was at Home, But","$14,078","$14,078",100%,-,-
137,Powerbomb,"$11,319","$11,319",100%,-,-
138,Lost in America,"$11,301","$11,301",100%,-,-
139,You Go to My Head,"$10,682","$10,682",100%,-,-
140,Foosballers,"$9,966","$9,966",100%,-,-
141,Just One More Kiss,"$9,130","$9,130",100%,-,-
142,Inside the Rain,"$8,140","$8,140",100%,-,-
143,The Wave,"$8,101","$8,101",100%,-,-
144,Human Capital,"$6,596","$6,596",100%,-,-
145,Afterward,"$6,477","$6,477",100%,-,-
146,Juvenile Delinquents,"$6,312","$6,312",100%,-,-
147,The Other Lamb,"$6,024","$6,024",100%,-,-
148,King's Gambit,"$3,816","$3,816",100%,-,-
149,The Roads Not Taken,"$3,518","$3,518",100%,-,-
150,Sex and the Future,"$3,502","$3,502",100%,-,-
151,Valley Girl,"$3,080",-,-,"$3,080",100%
152,Guest Artist,"$2,790","$2,790",100%,-,-
153,Moondance,"$2,371","$2,371",100%,-,-
154,Detective Chinatown 3,"$2,342",-,-,"$2,342",100%
155,Goldie,"$2,302","$2,302",100%,-,-
156,Gul Makai,"$2,035",-,-,"$2,035",100%
157,The Fox Hunter,"$1,577","$1,577",100%,-,-
158,Hai Tang Hong,"$1,107","$1,107",100%,-,-
159,The Transcendents,"$1,090","$1,090",100%,-,-
160,Inception 10th Anniversary re-release,$387,-,-,$387,100%
161,Spaceship Earth,$168,-,-,$168,100%
